<metadata xml:lang="en"><Esri><CreaDate>20250702</CreaDate><CreaTime>15220200</CreaTime><ArcGISFormat>1.0</ArcGISFormat><SyncOnce>FALSE</SyncOnce><DataProperties><lineage><Process ToolSource="c:\program files\arcgis\pro\Resources\ArcToolbox\toolboxes\Data Management Tools.tbx\CreateFeatureclass" Date="20250529" Time="120658">CreateFeatureclass "C:\Users\anh8611\OneDrive - Harvard University\Documents\ArcGIS\Projects\MBB_1\MBB_1.gdb" pois_events_v1 POINT in_memory\intermediate_csvtable DISABLED DISABLED "GEOGCS["GCS_WGS_1984",DATUM["D_WGS_1984",SPHEROID["WGS_1984",6378137.0,298.257223563]],PRIMEM["Greenwich",0.0],UNIT["Degree",0.0174532925199433]];-400 -400 1000000000;-100000 10000;-100000 10000;8.98315284119521E-09;0.001;0.001;IsHighPrecision" # 0 0 0 # SAME_AS_TEMPLATE</Process><Process ToolSource="c:\program files\arcgis\pro\Resources\ArcToolbox\toolboxes\Data Management Tools.tbx\XYTableToPoint" Date="20250529" Time="120658">XYTableToPoint "C:\Users\anh8611\OneDrive - Harvard University\Documents\MappingBlackBoston\pois_events_v1.csv" "C:\Users\anh8611\OneDrive - Harvard University\Documents\ArcGIS\Projects\MBB_1\MBB_1.gdb\pois_events_v1" longitude latitude # "GEOGCS["GCS_WGS_1984",DATUM["D_WGS_1984",SPHEROID["WGS_1984",6378137.0,298.257223563]],PRIMEM["Greenwich",0.0],UNIT["Degree",0.0174532925199433]];-400 -400 1000000000;-100000 10000;-100000 10000;8.98315284119521E-09;0.001;0.001;IsHighPrecision"</Process><Process Name="Project (2)" ToolSource="c:\program files\arcgis\pro\Resources\ArcToolbox\toolboxes\Data Management Tools.tbx\Project" Date="20250702" Time="152202">Project "C:\Users\anh8611\OneDrive - Harvard University\Documents\ArcGIS\Projects\MBB_1\MBB_1.gdb\pois_events_v1" "C:\Users\anh8611\OneDrive - Harvard University\Documents\ArcGIS\Projects\MBB_1\MBB_1.gdb\pois_events_v1_projected" PROJCS["NAD_1983_StatePlane_Massachusetts_Mainland_FIPS_2001",GEOGCS["GCS_North_American_1983",DATUM["D_North_American_1983",SPHEROID["GRS_1980",6378137.0,298.257222101]],PRIMEM["Greenwich",0.0],UNIT["Degree",0.0174532925199433]],PROJECTION["Lambert_Conformal_Conic"],PARAMETER["False_Easting",200000.0],PARAMETER["False_Northing",750000.0],PARAMETER["Central_Meridian",-71.5],PARAMETER["Standard_Parallel_1",41.71666666666667],PARAMETER["Standard_Parallel_2",42.68333333333333],PARAMETER["Latitude_Of_Origin",41.0],UNIT["Meter",1.0]] WGS_1984_(ITRF00)_To_NAD_1983 GEOGCS["GCS_WGS_1984",DATUM["D_WGS_1984",SPHEROID["WGS_1984",6378137.0,298.257223563]],PRIMEM["Greenwich",0.0],UNIT["Degree",0.0174532925199433]] NO_PRESERVE_SHAPE # NO_VERTICAL</Process><Process ToolSource="c:\program files\arcgis\pro\Resources\ArcToolbox\toolboxes\Conversion Tools.tbx\ExportFeatures" Date="20250702" Time="153838">ExportFeatures pois_events_v1_projected "C:\Users\anh8611\OneDrive - Harvard University\Documents\MappingBlackBoston\pois_shapefiles_v1\pois_events_v1_projected.shp" # NOT_USE_ALIAS "uid "uid" true true false 8000 Text 0 0,First,#,pois_events_v1_projected,uid,0,7999;menu_item_id "menu-item-id" true true false 8000 Text 0 0,First,#,pois_events_v1_projected,menu_item_id,0,7999;WORKING_NAME_1 "WORKING-NAME_1" true true false 8000 Text 0 0,First,#,pois_events_v1_projected,WORKING_NAME_1,0,7999;WORKING_TOPIC_TAG "WORKING-TOPIC_TAG" true true false 8000 Text 0 0,First,#,pois_events_v1_projected,WORKING_TOPIC_TAG,0,7999;theme "theme" true true false 8000 Text 0 0,First,#,pois_events_v1_projected,theme,0,7999;type "type" true true false 8000 Text 0 0,First,#,pois_events_v1_projected,type,0,7999;action "action" true true false 8000 Text 0 0,First,#,pois_events_v1_projected,action,0,7999;start "start" true true false 4 Long 0 0,First,#,pois_events_v1_projected,start,-1,-1;end "end" true true false 4 Long 0 0,First,#,pois_events_v1_projected,end,-1,-1;address "address" true true false 8000 Text 0 0,First,#,pois_events_v1_projected,address,0,7999;latitude "latitude" true true false 8 Double 0 0,First,#,pois_events_v1_projected,latitude,-1,-1;longitude "longitude" true true false 8 Double 0 0,First,#,pois_events_v1_projected,longitude,-1,-1;source "source" true true false 8000 Text 0 0,First,#,pois_events_v1_projected,source,0,7999;display_desc "display-desc" true true false 8000 Text 0 0,First,#,pois_events_v1_projected,display_desc,0,7999;desc_source "desc-source" true true false 8000 Text 0 0,First,#,pois_events_v1_projected,desc_source,0,7999;Location_QC "Location_QC" true true false 8000 Text 0 0,First,#,pois_events_v1_projected,Location_QC,0,7999" #</Process></lineage><itemProps><itemLocation><linkage Sync="TRUE">file://\\HUL-AHE2L\C$\Users\anh8611\OneDrive - Harvard University\Documents\MappingBlackBoston\pois_shapefiles_v1\pois_events_v1_projected.shp</linkage><protocol Sync="TRUE">Local Area Network</protocol></itemLocation><itemName Sync="TRUE">pois_events_v1_projected</itemName><imsContentType Sync="TRUE">002</imsContentType><itemSize Sync="TRUE">0.000</itemSize></itemProps><coordRef><type Sync="TRUE">Projected</type><geogcsn Sync="TRUE">GCS_North_American_1983</geogcsn><csUnits Sync="TRUE">Linear Unit: Meter (1.000000)</csUnits><projcsn Sync="TRUE">NAD_1983_StatePlane_Massachusetts_Mainland_FIPS_2001</projcsn><peXml Sync="TRUE">&lt;ProjectedCoordinateSystem xsi:type='typens:ProjectedCoordinateSystem' xmlns:xsi='http://www.w3.org/2001/XMLSchema-instance' xmlns:xs='http://www.w3.org/2001/XMLSchema' xmlns:typens='http://www.esri.com/schemas/ArcGIS/3.5.0'&gt;&lt;WKT&gt;PROJCS[&amp;quot;NAD_1983_StatePlane_Massachusetts_Mainland_FIPS_2001&amp;quot;,GEOGCS[&amp;quot;GCS_North_American_1983&amp;quot;,DATUM[&amp;quot;D_North_American_1983&amp;quot;,SPHEROID[&amp;quot;GRS_1980&amp;quot;,6378137.0,298.257222101]],PRIMEM[&amp;quot;Greenwich&amp;quot;,0.0],UNIT[&amp;quot;Degree&amp;quot;,0.0174532925199433]],PROJECTION[&amp;quot;Lambert_Conformal_Conic&amp;quot;],PARAMETER[&amp;quot;False_Easting&amp;quot;,200000.0],PARAMETER[&amp;quot;False_Northing&amp;quot;,750000.0],PARAMETER[&amp;quot;Central_Meridian&amp;quot;,-71.5],PARAMETER[&amp;quot;Standard_Parallel_1&amp;quot;,41.71666666666667],PARAMETER[&amp;quot;Standard_Parallel_2&amp;quot;,42.68333333333333],PARAMETER[&amp;quot;Latitude_Of_Origin&amp;quot;,41.0],UNIT[&amp;quot;Meter&amp;quot;,1.0],AUTHORITY[&amp;quot;EPSG&amp;quot;,26986]]&lt;/WKT&gt;&lt;XOrigin&gt;-36530900&lt;/XOrigin&gt;&lt;YOrigin&gt;-28803200&lt;/YOrigin&gt;&lt;XYScale&gt;122610652.81195112&lt;/XYScale&gt;&lt;ZOrigin&gt;-100000&lt;/ZOrigin&gt;&lt;ZScale&gt;10000&lt;/ZScale&gt;&lt;MOrigin&gt;-100000&lt;/MOrigin&gt;&lt;MScale&gt;10000&lt;/MScale&gt;&lt;XYTolerance&gt;0.001&lt;/XYTolerance&gt;&lt;ZTolerance&gt;0.001&lt;/ZTolerance&gt;&lt;MTolerance&gt;0.001&lt;/MTolerance&gt;&lt;HighPrecision&gt;true&lt;/HighPrecision&gt;&lt;WKID&gt;26986&lt;/WKID&gt;&lt;LatestWKID&gt;26986&lt;/LatestWKID&gt;&lt;/ProjectedCoordinateSystem&gt;</peXml></coordRef></DataProperties><SyncDate>20250702</SyncDate><SyncTime>15383800</SyncTime><ModDate>20250702</ModDate><ModTime>15383800</ModTime></Esri><dataIdInfo><envirDesc Sync="TRUE">Microsoft Windows 10 Version 10.0 (Build 22631) ; Esri ArcGIS 13.5.2.57366</envirDesc><dataLang><languageCode value="eng" Sync="TRUE"></languageCode><countryCode value="USA" Sync="TRUE"></countryCode></dataLang><idCitation><resTitle Sync="TRUE">pois_events_v1_projected</resTitle><presForm><PresFormCd value="005" Sync="TRUE"></PresFormCd></presForm></idCitation><spatRpType><SpatRepTypCd value="001" Sync="TRUE"></SpatRepTypCd></spatRpType></dataIdInfo><mdLang><languageCode value="eng" Sync="TRUE"></languageCode><countryCode value="USA" Sync="TRUE"></countryCode></mdLang><distInfo><distFormat><formatName Sync="TRUE">Shapefile</formatName></distFormat><distTranOps><transSize Sync="TRUE">0.000</transSize></distTranOps></distInfo><mdHrLv><ScopeCd value="005" Sync="TRUE"></ScopeCd></mdHrLv><mdHrLvName Sync="TRUE">dataset</mdHrLvName><refSysInfo><RefSystem><refSysID><identCode code="26986" Sync="TRUE"></identCode><idCodeSpace Sync="TRUE">EPSG</idCodeSpace><idVersion Sync="TRUE">2.1(3.0.1)</idVersion></refSysID></RefSystem></refSysInfo><spatRepInfo><VectSpatRep><geometObjs Name="pois_events_v1_projected"><geoObjTyp><GeoObjTypCd value="004" Sync="TRUE"></GeoObjTypCd></geoObjTyp><geoObjCnt Sync="TRUE">0</geoObjCnt></geometObjs><topLvl><TopoLevCd value="001" Sync="TRUE"></TopoLevCd></topLvl></VectSpatRep></spatRepInfo><spdoinfo><ptvctinf><esriterm Name="pois_events_v1_projected"><efeatyp Sync="TRUE">Simple</efeatyp><efeageom code="1" Sync="TRUE"></efeageom><esritopo Sync="TRUE">FALSE</esritopo><efeacnt Sync="TRUE">0</efeacnt><spindex Sync="TRUE">FALSE</spindex><linrefer Sync="TRUE">FALSE</linrefer></esriterm></ptvctinf></spdoinfo><eainfo><detailed Name="pois_events_v1_projected"><enttyp><enttypl Sync="TRUE">pois_events_v1_projected</enttypl><enttypt Sync="TRUE">Feature Class</enttypt><enttypc Sync="TRUE">0</enttypc></enttyp><attr><attrlabl Sync="TRUE">FID</attrlabl><attalias Sync="TRUE">FID</attalias><attrtype Sync="TRUE">OID</attrtype><attwidth Sync="TRUE">4</attwidth><atprecis Sync="TRUE">0</atprecis><attscale Sync="TRUE">0</attscale><attrdef Sync="TRUE">Internal feature number.</attrdef><attrdefs Sync="TRUE">Esri</attrdefs><attrdomv><udom Sync="TRUE">Sequential unique whole numbers that are automatically generated.</udom></attrdomv></attr><attr><attrlabl Sync="TRUE">Shape</attrlabl><attalias Sync="TRUE">Shape</attalias><attrtype Sync="TRUE">Geometry</attrtype><attwidth Sync="TRUE">0</attwidth><atprecis Sync="TRUE">0</atprecis><attscale Sync="TRUE">0</attscale><attrdef Sync="TRUE">Feature geometry.</attrdef><attrdefs Sync="TRUE">Esri</attrdefs><attrdomv><udom Sync="TRUE">Coordinates defining the features.</udom></attrdomv></attr><attr><attrlabl Sync="TRUE">uid</attrlabl><attalias Sync="TRUE">uid</attalias><attrtype Sync="TRUE">String</attrtype><attwidth Sync="TRUE">254</attwidth><atprecis Sync="TRUE">0</atprecis><attscale Sync="TRUE">0</attscale></attr><attr><attrlabl Sync="TRUE">menu_item_</attrlabl><attalias Sync="TRUE">menu_item_</attalias><attrtype Sync="TRUE">String</attrtype><attwidth Sync="TRUE">254</attwidth><atprecis Sync="TRUE">0</atprecis><attscale Sync="TRUE">0</attscale></attr><attr><attrlabl Sync="TRUE">WORKING_NA</attrlabl><attalias Sync="TRUE">WORKING_NA</attalias><attrtype Sync="TRUE">String</attrtype><attwidth Sync="TRUE">254</attwidth><atprecis Sync="TRUE">0</atprecis><attscale Sync="TRUE">0</attscale></attr><attr><attrlabl Sync="TRUE">WORKING_TO</attrlabl><attalias Sync="TRUE">WORKING_TO</attalias><attrtype Sync="TRUE">String</attrtype><attwidth Sync="TRUE">254</attwidth><atprecis Sync="TRUE">0</atprecis><attscale Sync="TRUE">0</attscale></attr><attr><attrlabl Sync="TRUE">theme</attrlabl><attalias Sync="TRUE">theme</attalias><attrtype Sync="TRUE">String</attrtype><attwidth Sync="TRUE">254</attwidth><atprecis Sync="TRUE">0</atprecis><attscale Sync="TRUE">0</attscale></attr><attr><attrlabl Sync="TRUE">type</attrlabl><attalias Sync="TRUE">type</attalias><attrtype Sync="TRUE">String</attrtype><attwidth Sync="TRUE">254</attwidth><atprecis Sync="TRUE">0</atprecis><attscale Sync="TRUE">0</attscale></attr><attr><attrlabl Sync="TRUE">action</attrlabl><attalias Sync="TRUE">action</attalias><attrtype Sync="TRUE">String</attrtype><attwidth Sync="TRUE">254</attwidth><atprecis Sync="TRUE">0</atprecis><attscale Sync="TRUE">0</attscale></attr><attr><attrlabl Sync="TRUE">start</attrlabl><attalias Sync="TRUE">start</attalias><attrtype Sync="TRUE">Integer</attrtype><attwidth Sync="TRUE">10</attwidth><atprecis Sync="TRUE">10</atprecis><attscale Sync="TRUE">0</attscale></attr><attr><attrlabl Sync="TRUE">end</attrlabl><attalias Sync="TRUE">end</attalias><attrtype Sync="TRUE">Integer</attrtype><attwidth Sync="TRUE">10</attwidth><atprecis Sync="TRUE">10</atprecis><attscale Sync="TRUE">0</attscale></attr><attr><attrlabl Sync="TRUE">address</attrlabl><attalias Sync="TRUE">address</attalias><attrtype Sync="TRUE">String</attrtype><attwidth Sync="TRUE">254</attwidth><atprecis Sync="TRUE">0</atprecis><attscale Sync="TRUE">0</attscale></attr><attr><attrlabl Sync="TRUE">latitude</attrlabl><attalias Sync="TRUE">latitude</attalias><attrtype Sync="TRUE">Double</attrtype><attwidth Sync="TRUE">19</attwidth><atprecis Sync="TRUE">0</atprecis><attscale Sync="TRUE">0</attscale></attr><attr><attrlabl Sync="TRUE">longitude</attrlabl><attalias Sync="TRUE">longitude</attalias><attrtype Sync="TRUE">Double</attrtype><attwidth Sync="TRUE">19</attwidth><atprecis Sync="TRUE">0</atprecis><attscale Sync="TRUE">0</attscale></attr><attr><attrlabl Sync="TRUE">source</attrlabl><attalias Sync="TRUE">source</attalias><attrtype Sync="TRUE">String</attrtype><attwidth Sync="TRUE">254</attwidth><atprecis Sync="TRUE">0</atprecis><attscale Sync="TRUE">0</attscale></attr><attr><attrlabl Sync="TRUE">display_de</attrlabl><attalias Sync="TRUE">display_de</attalias><attrtype Sync="TRUE">String</attrtype><attwidth Sync="TRUE">254</attwidth><atprecis Sync="TRUE">0</atprecis><attscale Sync="TRUE">0</attscale></attr><attr><attrlabl Sync="TRUE">desc_sourc</attrlabl><attalias Sync="TRUE">desc_sourc</attalias><attrtype Sync="TRUE">String</attrtype><attwidth Sync="TRUE">254</attwidth><atprecis Sync="TRUE">0</atprecis><attscale Sync="TRUE">0</attscale></attr><attr><attrlabl Sync="TRUE">Location_Q</attrlabl><attalias Sync="TRUE">Location_Q</attalias><attrtype Sync="TRUE">String</attrtype><attwidth Sync="TRUE">254</attwidth><atprecis Sync="TRUE">0</atprecis><attscale Sync="TRUE">0</attscale></attr></detailed></eainfo><mdDateSt Sync="TRUE">20250702</mdDateSt></metadata>
